Wavelength	Intensity
2.1723707458902632	669
2.1716985340159471	651
2.1710267396919574	633
2.1703553625308345	641
2.1696844021455957	633
2.1690138581497349	632
2.1683437301572273	633
2.1676740177825238	640
2.1670047206405516	634
2.1663358383467122	638
2.1656673705168847	646
2.1649993167674184	632
2.16433167671514	636
2.1636644499773463	652
2.1629976361718066	646
2.1623312349167616	632
2.1616652458309216	650
2.160999668533468	609
2.1603345026440506	628
2.1596697477827864	646
2.159005403570263	647
2.1583414696275312	628
2.1576779455761095	633
2.1570148310379822	638
2.1563521256355984	630
2.1556898289918691	627
2.155027940730172	640
2.154366460474344	639
2.1537053878486865	633
2.1530447224779588	640
2.1523844639873859	621
2.1517246120026465	639
2.1510651661498827	643
2.1504061260556924	627
2.1497474913471319	629
2.1490892616517154	626
2.1484314365974124	634
2.1477740158126468	638
2.1471169989263	637
2.1464603855677038	642
2.1458041753666484	634
2.1451483679533716	640
2.1444929629585667	635
2.1438379600133772	629
2.143183358749396	646
2.142529158798669	619
2.1418753597936893	635
2.1412219613673975	612
2.1405689631531852	643
2.1399163647848893	632
2.1392641658967921	646
2.1386123661236245	622
2.1379609651005609	619
2.1373099624632208	626
2.1366593578476665	645
2.1360091508904056	617
2.1353593412283858	652
2.1347099284989981	646
2.1340609123400736	627
2.1334122923898851	637
2.1327640682871443	631
2.1321162396710029	622
2.1314688061810494	634
2.130821767457312	624
2.1301751231402544	645
2.1295288728707784	643
2.12888301629022	626
2.1282375530403521	648
2.1275924827633803	638
2.126947805101945	626
2.12630351969912	632
2.12565962619841	629
2.125016124243754	641
2.1243730134795209	627
2.12373029355051	610
2.12308796410195	648
2.1224460247795007	653
2.1218044752292493	626
2.1211633150977103	623
2.1205225440318256	655
2.1198821616789663	642
2.1192421676869282	630
2.1186025617039288	659
2.1179633433786158	632
2.1173245123600579	671
2.116686068297748	642
2.1160480108416024	640
2.1154103396419579	618
2.1147730543495751	664
2.1141361546156325	654
2.1134996400917325	628
2.1128635104298952	651
2.1122277652825594	644
2.1115924043025824	626
2.1109574271432407	642
2.1103228334582247	636
2.1096886229016452	624
2.109054795128027	636
2.1084213497923092	639
2.1077882865498472	638
2.10715560505641	643
2.1065233049681784	646
2.105891385941749	624
2.1052598476341275	625
2.1046286897027331	639
2.1039979118053935	648
2.1033675136003511	641
2.1027374947462536	631
2.1021078549021581	644
2.1014785937275358	655
2.1008497108822559	666
2.1002212060266041	648
2.0995930788212673	646
2.0989653289273407	664
2.0983379560063238	637
2.0977109597201218	656
2.097084339731043	636
2.0964580957017995	649
2.0958322272955079	646
2.0952067341756848	648
2.0945816160062511	663
2.0939568724515261	647
2.0933325031762329	636
2.0927085078454915	650
2.0920848861248222	663
2.0914616376801449	668
2.0908387621777789	664
2.0902162592844373	666
2.0895941286672337	657
2.0889723699936757	650
2.08835098293167	655
2.0877299671495138	673
2.0871093223159032	653
2.0864890480999265	668
2.0858691441710655	665
2.0852496101991944	628
2.084630445854581	669
2.0840116508078856	673
2.0833932247301559	672
2.0827751672928341	641
2.0821574781677503	667
2.0815401570271246	682
2.0809232035435654	678
2.0803066173900708	667
2.0796903982400257	647
2.0790745457672006	663
2.0784590596457551	693
2.0778439395502342	702
2.0772291851555655	711
2.0766147961370658	666
2.076000772170433	686
2.0753871129317503	689
2.0747738180974822	646
2.0741608873444775	643
2.0735483203499667	655
2.0729361167915612	623
2.0723242763472536	634
2.0717127986954162	613
2.0711016835148026	615
2.0704909304845422	634
2.0698805392841479	613
2.0692705095935069	598
2.0686608410928851	612
2.0680515334629241	609
2.0674425863846451	622
2.0668339995394414	622
2.0662257726090849	632
2.0656179052757193	611
2.0650103972218643	624
2.0644032481304126	635
2.0637964576846293	638
2.0631900255681539	616
2.0625839514649957	625
2.0619782350595379	627
2.0613728760365317	615
2.0607678740811015	645
2.0601632288787384	629
2.0595589401153065	666
2.0589550074770342	627
2.0583514306505228	661
2.0577482093227375	643
2.0571453431810123	661
2.0565428319130472	652
2.0559406752069092	644
2.0553388727510291	653
2.0547374242342036	686
2.0541363293455945	675
2.0535355877747268	654
2.0529351992114875	656
2.0523351633461289	666
2.0517354798692642	653
2.0511361484718691	668
2.0505371688452794	672
2.049938540681191	700
2.0493402636716631	667
2.0487423375091121	692
2.0481447618863142	683
2.0475475364964035	724
2.0469506610328723	684
2.0463541351895711	719
2.0457579586607082	707
2.0451621311408461	741
2.0445666523249062	715
2.0439715219081616	734
2.0433767395862446	740
2.0427823050551388	749
2.0421882180111828	724
2.041594478151068	743
2.0410010851718408	758
2.0404080387708983	767
2.0398153386459872	787
2.0392229844952112	775
2.03863097601702	793
2.0380393129102159	800
2.0374479948739497	842
2.0368570216077226	823
2.0362663928113842	855
2.0356761081851324	812
2.035086167429514	823
2.03449657024542	848
2.0339073163340911	870
2.0333184053971141	915
2.0327298371364209	916
2.0321416112542883	950
2.0315537274533373	929
2.0309661854365371	960
2.0303789849071952	959
2.029792125568965	1006
2.0292056071258449	974
2.028619429282172	1002
2.0280335917426262	1074
2.0274480942122297	1068
2.0268629363963444	1053
2.0262781180006733	1092
2.0256936387312603	1092
2.0251094982944857	1149
2.0245256963970713	1181
2.0239422327460761	1163
2.023359107048897	1220
2.0227763190132686	1252
2.0221938683472622	1268
2.0216117547592858	1293
2.0210299779580834	1317
2.0204485376527339	1386
2.0198674335526507	1417
2.0192866653675847	1436
2.0187062328076157	1431
2.0181261355831621	1577
2.0175463734049739	1505
2.01696694598413	1623
2.0163878530320467	1637
2.0158090942604687	1714
2.0152306693814728	1735
2.0146525781074667	1796
2.0140748201511873	1814
2.0134973952257029	1906
2.0129203030444089	1897
2.0123435433210317	1985
2.0117671157696231	1976
2.0111910201045675	2079
2.010615256040571	2136
2.0100398232926704	2180
2.009464721576228	2236
2.0088899506069313	2306
2.0083155101007941	2301
2.0077413997741553	2316
2.0071676193436776	2375
2.0065941685263491	2519
2.006021047039479	2497
2.0054482546007031	2593
2.0048757909279766	2580
2.00430365573958	2646
2.0037318487541129	2757
2.0031603696904985	2785
2.0025892182679788	2794
2.0020183942061176	2954
2.0014478972247987	2957
2.0008777270442244	2943
2.0003078833849166	3068
1.9997383659677157	3075
1.9991691745137807	2992
1.998600308744588	3135
1.9980317683819311	3129
1.9974635531479195	3122
1.9968956627649805	3184
1.9963280969558568	3165
1.9957608554436066	3254
1.9951939379516015	3178
1.9946273442035298	3357
1.9940610739233933	3286
1.9934951268355066	3159
1.9929295026644989	3296
1.9923642011353104	3355
1.9917992219731953	3206
1.9912345649037189	3275
1.9906702296527568	3266
1.9901062159464975	3302
1.9895425235114392	3283
1.9889791520743909	3203
1.9884161013624695	3038
1.9878533711031023	3154
1.987290961024025	3169
1.9867288708532835	3197
1.9861671003192285	3045
1.9856056491505198	3105
1.9850445170761257	3147
1.9844837038253171	3047
1.9839232091276757	3083
1.9833630327130858	3073
1.9828031743117378	2988
1.9822436336541274	3028
1.9816844104710545	2930
1.9811255044936229	3005
1.9805669154532395	3001
1.9800086430816162	2891
1.9794506871107658	2915
1.9788930472730031	2847
1.9783357233009466	2801
1.977778714927515	2846
1.9772220218859289	2865
1.9766656439097077	2806
1.9761095807326734	2809
1.9755538320889454	2888
1.9749983977129437	2743
1.9744432773393881	2713
1.9738884707032955	2623
1.9733339775399803	2754
1.9727797975850574	2581
1.9722259305744354	2726
1.9716723762443213	2754
1.9711191343312198	2690
1.9705662045719294	2688
1.9700135867035455	2611
1.9694612804634584	2626
1.9689092855893515	2659
1.9683576018192066	2615
1.9678062288912954	2638
1.9672551665441831	2698
1.9667044145167325	2610
1.9661539725480945	2666
1.9656038403777127	2542
1.9650540177453255	2635
1.9645045043909604	2686
1.9639553000549359	2568
1.9634064044778621	2598
1.9628578174006386	2604
1.9623095385644553	2609
1.9617615677107909	2544
1.9612139045814148	2586
1.9606665489183825	2637
1.9601195004640397	2596
1.9595727589610192	2514
1.9590263241522416	2540
1.9584801957809117	2638
1.9579343735905261	2624
1.9573888573248646	2555
1.9568436467279913	2544
1.9562987415442592	2517
1.9557541415183028	2554
1.9552098463950447	2455
1.9546658559196888	2516
1.954122169837724	2514
1.9535787878949225	2461
1.953035709837341	2495
1.9524929354113161	2532
1.9519504643634678	2589
1.9514082964406989	2545
1.9508664313901933	2553
1.9503248689594146	2627
1.9497836088961085	2535
1.9492426509483	2544
1.9487019948642956	2490
1.9481616403926794	2534
1.9476215872823164	2467
1.9470818352823478	2464
1.9465423841421965	2493
1.9460032336115605	2390
1.9454643834404164	2505
1.9449258333790187	2490
1.9443875831778978	2394
1.9438496325878614	2459
1.9433119813599913	2428
1.9427746292456471	2374
1.9422375759964634	2462
1.9417008213643483	2426
1.9411643651014865	2411
1.940628206960334	2384
1.9400923466936228	2374
1.9395567840543586	2394
1.9390215187958177	2343
1.9384865506715523	2331
1.9379518794353834	2392
1.9374175048414055	2326
1.9368834266439861	2357
1.9363496445977608	2326
1.9358161584576379	2298
1.9352829679787975	2275
1.9347500729166844	2196
1.9342174730270192	2253
1.9336851680657874	2394
1.9331531577892471	2323
1.9326214419539209	2238
1.9320900203166027	2261
1.9315588926343519	2192
1.931028058664497	2193
1.9304975181646331	2132
1.9299672708926217	2170
1.9294373166065903	2151
1.9289076550649333	2084
1.9283782860263101	2070
1.9278492092496455	2121
1.9273204244941278	2046
1.9267919315192121	2117
1.9262637300846173	2144
1.9257358199503234	1998
1.9252082008765767	2030
1.9246808726238855	1970
1.92415383495302	2048
1.9236270876250148	1992
1.9231006304011642	1926
1.9225744630430261	1996
1.9220485853124167	2031
1.9215229969714163	1928
1.9209976977823642	1922
1.9204726875078602	1876
1.9199479659107632	1884
1.9194235327541933	1890
1.9188993878015272	1888
1.9183755308164017	1839
1.9178519615627132	1879
1.9173286798046143	1848
1.916805685306515	1809
1.916282977833085	1874
1.9157605571492489	1828
1.9152384230201875	1848
1.9147165752113409	1795
1.9141950134884016	1799
1.9136737376173207	1758
1.9131527473643017	1702
1.9126320424958052	1712
1.9121116227785455	1737
1.9115914879794911	1703
1.9110716378658632	1704
1.9105520722051397	1693
1.9100327907650483	1714
1.9095137933135711	1601
1.9089950796189419	1668
1.9084766494496488	1565
1.9079585025744286	1642
1.9074406387622711	1661
1.9069230577824183	1574
1.90640575940436	1672
1.9058887433978393	1571
1.9053720095328479	1634
1.9048555575796275	1567
1.9043393873086691	1556
1.9038234984907143	1527
1.90330789089675	1570
1.902792564298015	1486
1.9022775184659939	1505
1.9017627531724204	1550
1.9012482681892748	1480
1.9007340632887846	1453
1.9002201382434243	1419
1.899706492825914	1455
1.899193126809221	1482
1.8986800399665573	1451
1.8981672320713809	1440
1.8976547028973947	1417
1.8971424522185456	1416
1.8966304798090257	1366
1.8961187854432711	1396
1.8956073688959629	1378
1.8950962299420215	1366
1.8945853683566143	1398
1.8940747839151513	1387
1.8935644763932817	1334
1.8930544455669003	1375
1.8925446912121417	1335
1.892035213105383	1304
1.8915260110232417	1284
1.8910170847425753	1259
1.8905084340404839	1340
1.8900000586943062	1275
1.889491958481621	1294
1.8889841331802459	1289
1.8884765825682397	1306
1.8879693064238987	1245
1.8874623045257568	1252
1.8869555766525865	1226
1.886449122583401	1256
1.8859429420974465	1231
1.8854370349742102	1220
1.8849314009934148	1185
1.884426039935019	1224
1.8839209515792184	1161
1.8834161357064449	1211
1.8829115920973649	1203
1.8824073205328824	1200
1.8819033207941331	1142
1.8813995926624913	1158
1.8808961359195617	1173
1.8803929503471859	1163
1.8798900357274384	1163
1.879387391842628	1116
1.8788850184752941	1141
1.8783829154082121	1135
1.8778810824243868	1176
1.8773795193070593	1123
1.8768782258396974	1077
1.8763772018060048	1118
1.8758764469899147	1142
1.8753759611755922	1108
1.8748757441474302	1098
1.874375795690056	1038
1.8738761155883246	1082
1.8733767036273203	1071
1.8728775595923586	1036
1.872378683268983	1078
1.8718800744429656	1047
1.8713817329003075	1062
1.8708836584272388	1092
1.8703858508102151	1028
1.8698883098359225	1093
1.8693910352912724	1044
1.8688940269634047	1027
1.8683972846396839	1014
1.867900808107702	1037
1.8674045971552782	1061
1.8669086515704565	1020
1.8664129711415052	1006
1.86591755565692	1004
1.8654224049054193	996
1.8649275186759491	995
1.8644328967576758	1033
1.8639385389399936	953
1.8634444450125174	987
1.8629506147650874	1019
1.8624570479877656	1022
1.8619637444708372	951
1.8614707040048115	974
1.8609779263804178	981
1.8604854113886078	945
1.8599931588205556	964
1.8595011684676559	963
1.8590094401215254	1001
1.8585179735739998	930
1.8580267686171377	954
1.8575358250432161	975
1.8570451426447321	945
1.8565547212144025	952
1.8560645605451636	932
1.8555746604301704	940
1.8550850206627976	876
1.8545956410366362	890
1.8541065213454979	955
1.8536176613834108	949
1.8531290609446196	943
1.852640719823589	899
1.8521526378149979	929
1.8516648147137429	927
1.8511772503149388	925
1.8506899444139138	877
1.8502028968062132	921
1.8497161072875981	928
1.8492295756540436	889
1.8487433017017425	926
1.8482572852270989	902
1.8477715260267333	888
1.8472860238974798	870
1.8468007786363874	839
1.8463157900407174	886
1.8458310579079444	873
1.8453465820357573	914
1.8448623622220557	877
1.844378398264954	857
1.8438946899627766	881
1.8434112371140621	891
1.8429280395175582	890
1.8424450969722252	872
1.8419624092772355	849
1.8414799762319707	850
1.8409977976360237	868
1.8405158732891955	880
1.840034202991502	826
1.8395527865431645	853
1.8390716237446139	896
1.8385907143964928	866
1.8381100582996501	877
1.8376296552551448	840
1.8371495050642437	856
1.8366696075284219	837
1.8361899624493618	817
1.8357105696289535	846
1.8352314288692946	827
1.8347525399726898	851
1.834273902741649	824
1.8337955169788913	812
1.833317382487339	827
1.8328394990701224	837
1.8323618665305768	822
1.831884484672242	811
1.8314073532988633	801
1.8309304722143918	829
1.8304538412229816	795
1.8299774601289927	825
1.829501328736987	810
1.8290254468517333	797
1.8285498142782004	816
1.8280744308215628	801
1.8275992962871959	785
1.82712441048068	809
1.826649773207796	813
1.826175384274529	778
1.825701243487063	807
1.8252273506517864	800
1.8247537055752874	788
1.8242803080643559	760
1.823807157925982	774
1.8233342549673581	770
1.822861598995875	792
1.8223891898191238	808
1.8219170272448963	779
1.8214451110811836	808
1.8209734411361764	807
1.8205020172182631	748
1.8200308391360318	761
1.8195599066982693	745
1.8190892197139603	758
1.8186187779922871	759
1.8181485813426312	759
1.81767862957457	781
1.8172089224978787	755
1.8167394599225297	767
1.8162702416586916	770
1.8158012675167303	780
1.8153325373072069	748
1.8148640508408784	771
1.8143958079286997	755
1.8139278083818178	778
1.8134600520115771	758
1.8129925386295176	738
1.8125252680473711	775
1.8120582400770668	759
1.8115914545307261	720
1.8111249112206647	745
1.810658609959394	752
1.8101925505596159	742
1.8097267328342275	763
1.809261156596317	770
1.8087958216591682	727
1.8083307278362537	719
1.8078658749412422	722
1.8074012627879905	749
1.8069368911905503	733
1.8064727599631625	726
1.8060088689202607	777
1.8055452178764686	750
1.8050818066466003	742
1.8046186350456621	737
1.8041557028888486	711
1.8036930099915454	765
1.8032305561693276	715
1.8027683412379598	752
1.8023063650133961	756
1.8018446273117794	716
1.8013831279494406	738
1.8009218667429	748
1.8004608435088669	706
1.8000000580642368	725
1.7995395102260947	705
1.7990791998117117	724
1.7986191266385478	717
1.7981592905242489	717
1.7976996912866476	716
1.7972403287437642	715
1.7967812027138041	752
1.7963223130151595	726
1.7958636594664101	709
1.7954052418863176	727
1.7949470600938315	707
1.7944891139080867	692
1.7940314031484017	733
1.7935739276342804	707
1.7931166871854116	699
1.7926596816216684	720
1.7922029107631061	714
1.7917463744299664	724
1.7912900724426721	697
1.7908340046218307	696
1.7903781707882325	708
1.78992257076285	712
1.7894672043668398	694
1.7890120714215392	688
1.7885571717484683	685
1.7881025051693291	711
1.7876480715060061	728
1.7871938705805628	708
1.7867399022152473	712
1.7862861662324852	698
1.7858326624548846	694
1.7853793907052358	718
1.7849263508065059	676
1.7844735425818437	700
1.784020965854578	679
1.7835686204482175	720
1.78311650618645	701
1.7826646228931418	681
1.7822129703923379	682
1.7817615485082636	685
1.7813103570653217	689
1.7808593958880921	687
1.7804086648013344	717
1.7799581636299857	682
1.7795078921991596	672
1.7790578503341488	695
1.7786080378604208	673
1.7781584546036218	672
1.7777091003895742	686
1.7772599750442768	657
1.776811078393904	679
1.7763624102648072	672
1.7759139704835127	675
1.7754657588767222	668
1.7750177752713148	669
1.7745700194943412	679
1.7741224913730298	656
1.773675190734783	667
1.7732281174071765	688
1.7727812712179618	666
1.7723346519950636	674
1.7718882595665792	659
1.7714420937607818	664
1.7709961544061168	687
1.7705504413312025	678
1.7701049543648304	689
1.7696596933359643	647
1.7692146580737416	672
1.7687698484074694	670
1.7683252641666294	660
1.767880905180875	661
1.7674367712800296	659
1.7669928622940891	692
1.7665491780532192	656
1.7661057183877593	661
1.7656624831282166	662
1.76521947210527	689
1.7647766851497695	664
1.7643341220927335	661
1.7638917827653524	664
1.7634496669989839	687
1.7630077746251571	625
1.7625661054755688	677
1.7621246593820867	647
1.7616834361767448	641
1.761242435691748	678
1.7608016577594685	659
1.7603611022124461	645
1.7599207688833907	672
1.7594806576051767	656
1.7590407682108498	657
1.7586011005336197	640
1.7581616544068652	664
1.7577224296641318	647
1.7572834261391306	681
1.7568446436657408	653
1.7564060820780061	656
1.7559677412101378	656
1.7555296208965128	646
1.7550917209716732	635
1.7546540412703258	654
1.754216581627345	655
1.7537793418777672	666
1.7533423218567969	653
1.7529055213998008	659
1.752468940342311	650
1.7520325785200239	659
1.7515964357687988	640
1.7511605119246607	641
1.7507248068237964	642
1.7502893203025567	641
1.749854052197457	661
1.7494190023451739	651
1.7489841705825468	637
1.748549556746579	638
1.748115160674435	655
1.7476809822034423	644
1.7472470211710902	643
1.7468132774150287	628
1.7463797507730714	667
1.7459464410831917	635
1.7455133481835241	657
1.7450804719123658	640
1.7446478121081732	657
1.7442153686095629	644
1.7437831412553138	653
1.7433511298843627	653
1.7429193343358094	650
1.7424877544489097	640
1.7420563900630819	619
1.7416252410179023	652
1.7411943071531075	634
1.7407635883085912	641
1.7403330843244083	639
1.7399027950407702	631
1.7394727202980487	622
1.7390428599367715	633
1.7386132137976256	643
1.7381837817214567	631
1.7377545635492664	649
1.7373255591222139	612
1.7368967682816174	643
1.7364681908689505	620
1.7360398267258439	622
1.7356116756940851	646
1.7351837376156181	636
1.7347560123325432	628
1.7343284996871164	636
1.7339011995217501	629
1.7334741116790127	620
1.7330472360016271	632
1.732620572332471	634
1.7321941205145797	641
1.7317678803911409	606
1.7313418518054984	633
1.7309160346011492	627
1.7304904286217466	618
1.7300650337110972	618
1.7296398497131604	640
1.7292148764720507	638
1.7287901138320361	621
1.7283655616375373	632
1.727941219733129	624
1.7275170879635382	632
1.7270931661736453	618
1.7266694542084826	627
1.726245951913236	615
1.7258226591332431	625
1.7253995757139928	622
1.7249767015011273	616
1.7245540363404388	616
1.7241315800778727	628
1.7237093325595256	607
1.7232872936316439	628
1.7228654631406257	620
1.72244384093302	610
1.7220224268555269	627
1.7216012207549951	613
1.7211802224784265	617
1.7207594318729693	623
1.720338848785925	616
1.719918473064743	634
1.719498304557022	626
1.7190783431105106	630
1.7186585885731069	622
1.7182390407928572	603
1.7178196996179562	616
1.7174005648967487	617
1.7169816364777266	607
1.7165629142095304	606
1.7161443979409481	612
1.715726087520917	630
1.7153079827985198	612
1.71489008362299	615
1.7144723898437044	618
1.7140549013101902	633
1.7136376178721195	593
1.7132205393793127	622
1.7128036656817356	623
1.7123869966295004	625
1.7119705320728675	612
1.7115542718622405	603
1.71113821584817	610
1.7107223638813538	612
1.7103067158126333	618
1.7098912714929955	614
1.7094760307735737	621
1.7090609935056444	597
1.7086461595406308	619
1.7082315287300998	609
1.7078171009257628	612
1.7074028759794755	616
1.7069888537432372	615
1.7065750340691925	610
1.7061614168096289	602
1.7057480018169762	603
1.7053347889438109	620
1.7049217780428496	610
1.704508968966953	601
1.7040963615691256	599
1.7036839557025132	613
1.7032717512204048	612
1.702859747976232	600
1.7024479458235684	608
1.7020363446161288	611
1.7016249442077718	607
1.7012137444524957	599
1.7008027452044414	613
1.7003919463178907	601
1.6999813476472667	594
1.6995709490471338	602
1.6991607503721966	612
1.6987507514773006	616
1.6983409522174318	611
1.6979313524477171	601
1.697521952023423	610
1.6971127507999555	598
1.6967037486328607	605
1.6962949453778251	604
1.6958863408906744	603
1.6954779350273721	603
1.695069727644023	611
1.6946617185968704	619
1.6942539077422945	606
1.693846294936816	603
1.6934388800370941	613
1.6930316628999253	597
1.6926246433822456	601
1.6922178213411263	611
1.6918111966337799	618
1.6914047691175542	595
1.6909985386499347	602
1.6905925050885457	594
1.6901866682911464	594
1.6897810281156351	597
1.689375584420046	601
1.6889703370625486	607
1.6885652859014522	605
1.6881604307951983	603
1.6877557716023674	601
1.6873513081816758	606
1.6869470403919744	612
1.6865429680922506	582
1.6861390911416267	593
1.6857354093993611	593
1.6853319227248462	596
1.6849286309776115	589
1.6845255340173189	590
1.6841226317037656	604
1.6837199238968852	591
1.6833174104567441	615
1.6829150912435418	596
1.6825129661176141	589
1.6821110349394297	605
1.6817092975695904	594
1.6813077538688326	590
1.680906403698025	609
1.6805052469181709	603
1.6801042833904056	596
1.6797035129759976	602
1.6793029355363487	585
1.6789025509329916	592
1.678502359027594	608
1.6781023596819535	592
1.6777025527580018	589
1.6773029381178015	595
1.6769035156235463	589
1.6765042851375622	599
1.6761052465223085	592
1.6757063996403727	600
1.6753077443544759	588
1.6749092805274686	583
1.6745110080223335	578
1.6741129267021826	593
1.67371503643026	584
1.6733173370699392	589
1.6729198284847244	586
1.6725225105382491	598
1.6721253830942779	588
1.6717284460167039	597
1.6713316991695513	590
1.6709351424169723	588
1.6705387756232501	592
1.6701425986527949	590
1.6697466113701482	595
1.6693508136399782	590
1.6689552053270829	582
1.66855978629639	587
1.6681645564129526	595
1.6677695155419552	601
1.6673746635487088	577
1.6669800002986519	597
1.6665855256573521	584
1.6661912394905034	590
1.6657971416639288	595
1.6654032320435768	596
1.6650095104955243	594
1.6646159768859747	592
1.6642226310812589	584
1.6638294729478345	588
1.6634365023522835	596
1.6630437191613181	598
1.6626511232417744	596
1.6622587144606142	590
1.6618664926849269	595
1.6614744577819265	592
1.6610826096189539	596
1.6606909480634742	582
1.660299472983078	594
1.6599081842454826	573
1.659517081718529	582
1.6591261652701832	600
1.658735434768537	591
1.6583448900818056	594
1.6579545310783295	588
1.6575643576265735	588
1.6571743695951264	592
1.6567845668527008	572
1.656394949268134	596
1.6560055167103864	581
1.6556162690485416	598
1.6552272061518085	588
1.6548383278895171	590
1.6544496341311223	597
1.6540611247462007	587
1.6536727996044529	584
1.6532846585757024	587
1.6528967015298925	591
1.652508928337094	582
1.6521213388674949	575
1.6517339329914089	578
1.6513467105792703	583
1.650959671501635	590
1.6505728156291815	582
1.6501861428327096	578
1.6497996529831402	589
1.6494133459515159	579
1.649027221609	585
1.6486412798268784	584
1.648255520476555	580
1.6478699434295574	589
1.6474845485575316	587
1.6470993357322457	587
1.646714304825587	585
1.6463294557095633	594
1.6459447882563032	570
1.6455603023380543	598
1.6451759978271838	584
1.6447918745961785	592
1.6444079325176462	596
1.6440241714643118	586
1.6436405913090213	587
1.6432571919247392	581
1.6428739731845479	586
1.6424909349616492	580
1.6421080771293646	588
1.6417253995611327	574
1.6413429021305119	582
1.6409605847111763	584
1.6405784471769207	580
1.640196489401657	585
1.6398147112594144	587
1.6394331126243393	578
1.6390516933706973	573
1.6386704533728713	582
1.6382893925053594	592
1.6379085106427795	571
1.6375278076598643	573
1.6371472834314638	585
1.6367669378325458	591
1.6363867707381936	578
1.6360067820236077	585
1.6356269715641043	584
1.6352473392351161	580
1.6348678849121918	586
1.6344886084709953	577
1.6341095097873082	584
1.6337305887370259	579
1.6333518451961595	578
1.6329732790408364	568
1.632594890147298	583
1.6322166783919019	576
1.6318386436511199	579
1.6314607858015389	587
1.6310831047198608	586
1.6307056002829023	579
1.6303282723675934	567
1.6299511208509792	582
1.6295741456102184	582
1.6291973465225853	569
1.6288207234654652	585
1.6284442763163602	570
1.6280680049528844	573
1.6276919092527653	582
1.6273159890938447	580
1.6269402443540772	572
1.6265646749115301	584
1.6261892806443838	581
1.6258140614309329	590
1.6254390171495823	574
1.6250641476788517	588
1.6246894528973719	574
1.6243149326838866	576
1.6239405869172514	577
1.6235664154764344	573
1.6231924182405153	581
1.6228185950886851	583
1.6224449459002475	570
1.6220714705546178	584
1.6216981689313219	576
1.6213250409099966	577
1.6209520863703912	573
1.6205793051923651	579
1.6202066972558895	587
1.6198342624410458	580
1.6194620006280258	582
1.6190899116971309	573
1.6187179955287763	574
1.6183462520034835	584
1.6179746810018865	564
1.6176032824047286	577
1.617232056092863	577
1.6168610019472534	576
1.6164901198489716	583
1.6161194096792002	581
1.6157488713192312	583
1.6153785046504641	575
1.6150083095544099	572
1.6146382859126873	586
1.6142684336070245	571
1.6138987525192581	577
1.6135292425313326	577
1.6131599035253021	573
1.6127907353833293	581
1.6124217379876835	584
1.6120529112207445	576
1.611684254964997	573
1.6113157691030373	576
1.6109474535175665	569
1.6105793080913948	572
1.6102113327074392	582
1.6098435272487246	572
1.6094758915983833	581
1.6091084256396537	578
1.6087411292558824	587
1.6083740023305224	570
1.6080070447471333	574
1.6076402563893817	574
1.6072736371410408	580
1.6069071868859897	570
1.606540905508214	577
1.6061747928918053	577
1.6058088489209628	585
1.6054430734799894	580
1.6050774664532947	582
1.6047120277253939	572
1.6043467571809085	577
1.6039816547045638	584
1.6036167201811926	566
1.6032519534957315	561
1.6028873545332214	570
1.6025229231788103	572
1.60215865931775	582
1.6017945628353958	582
1.6014306336172093	575
1.6010668715487568	566
1.6007032765157072	570
1.6003398484038349	579
1.5999765870990186	559
1.5996134924872394	569
1.5992505644545849	570
1.5988878028872444	579
1.5985252076715106	573
1.5981627786937822	583
1.597800515840559	562
1.5974384189984441	571
1.5970764880541459	568
1.5967147228944731	573
1.5963531234063397	575
1.5959916894767612	576
1.595630420992856	571
1.5952693178418458	564
1.5949083799110528	572
1.5945476070879052	578
1.5941869992599289	575
1.593826556314756	570
1.5934662781401183	568
1.59310616462385	572
1.5927462156538872	574
1.5923864311182676	574
1.5920268109051305	571
1.5916673549027165	575
1.5913080629993683	566
1.5909489350835277	559
1.5905899710437408	566
1.5902311707686518	567
1.5898725341470079	570
1.5895140610676546	581
1.5891557514195402	567
1.5887976050917128	575
1.5884396219733208	568
1.5880818019536131	575
1.587724144921939	564
1.5873666507677473	569
1.5870093193805868	581
1.5866521506501061	575
1.5862951444660542	578
1.5859383007182801	572
1.5855816192967298	578
1.5852251000914512	568
1.5848687429925907	573
1.5845125478903941	573
1.5841565146752057	568
1.5838006432374687	570
1.5834449334677261	557
1.5830893852566186	571
1.5827339984948861	573
1.5823787730733663	588
1.5820237088829963	563
1.581668805814811	570
1.5813140637599428	578
1.5809594826096234	575
1.5806050622551822	570
1.5802508025880451	583
1.5798967034997369	582
1.5795427648818803	569
1.5791889866261946	570
1.5788353686244971	564
1.578481910768702	565
1.578128612950821	570
1.5777754750629627	571
1.5774224969973325	572
1.5770696786462333	563
1.5767170199020641	567
1.5763645206573205	571
1.576012180804595	576
1.5756600002365764	560
1.5753079788460498	574
1.5749561165258958	566
1.5746044131690926	572
1.5742528686687136	573
1.5739014829179272	578
1.573550255809999	567
1.5731991872382896	575
1.5728482770962551	575
1.5724975252774471	567
1.5721469316755119	566
1.5717964961841935	564
1.5714462186973273	571
1.5710960991088472	563
1.5707461373127796	570
1.5703963332032465	573
1.5700466866744653	568
1.569697197620747	572
1.5693478659364977	564
1.5689986915162171	573
1.5686496742545009	571
1.5683008140460366	572
1.5679521107856076	570
1.5676035643680906	564
1.567255174688456	573
1.5669069416417685	562
1.5665588651231859	568
1.5662109450279593	574
1.5658631812514345	575
1.56551557368905	573
1.5651681222363363	567
1.5648208267889188	567
1.5644736872425156	566
1.5641267034929363	569
1.5637798754360854	570
1.5634332029679581	568
1.5630866859846442	569
1.5627403243823241	559
1.5623941180572725	564
1.5620480669058541	574
1.5617021708245284	572
1.5613564297098452	565
1.5610108434584469	574
1.5606654119670671	572
1.5603201351325326	564
1.5599750128517604	574
1.5596300450217606	564
1.5592852315396333	574
1.5589405723025704	563
1.558596067207856	576
1.5582517161528644	573
1.5579075190350609	559
1.5575634757520032	567
1.5572195862013383	572
1.556875850280804	575
1.5565322678882296	561
1.556188838921535	563
1.5558455632787296	562
1.5555024408579146	566
1.55515947155728	572
1.5548166552751075	571
1.5544739919097674	564
1.5541314813597209	563
1.5537891235235179	562
1.5534469182998	567
1.5531048655872977	562
1.5527629652848303	568
1.5524212172913072	564
1.5520796215057266	567
1.5517381778271768	583
1.5513968861548355	560
1.5510557463879684	570
1.5507147584259307	554
1.5503739221681669	567
1.5500332375142098	569
1.5496927043636808	570
1.5493523226162895	580
1.5490120921718362	561
1.548672012930207	568
1.5483320847913769	563
1.54799230765541	564
1.5476526814224585	559
1.547313205992761	577
1.546973881266646	573
1.546634707144529	564
1.5462956835269124	568
1.5459568103143873	569
1.5456180874076326	568
1.5452795147074134	570
1.544941092114583	571
1.5446028195300814	573
1.5442646968549369	569
1.5439267239902632	564
1.5435889008372619	576
1.543251227297221	564
1.542913703271517	562
1.5425763286616099	576
1.5422391033690488	565
1.5419020272954689	557
1.5415651003425903	566
1.541228322412221	570
1.5408916934062549	576
1.5405552132266718	572
1.5402188817755365	573
1.5398826989550016	567
1.5395466646673039	568
1.5392107788147669	567
1.5388750412997998	567
1.5385394520248963	572
1.5382040108926363	569
1.5378687178056845	573
1.5375335726667918	570
1.5371985753787938	567
1.536863725844611	555
